agentId	originRegionId	isMale	educationLevel	isHispanic	race	indiv_census_income	hh_census_income	householdInProvince	reportingRate	reportingRates_Single	family:numberOfPeople	family:haveKids	interest	joviality	jovialityBase	foodNeed:fullnessReachTimeInMinutes	foodNeed:keepingFullTimeInMinutes	foodNeed:hungryTreshold	foodNeed:starvingTreshold	foodNeed:appetite	
0	1	true	HighSchoolOrCollege	false	BlackOnly	132677	118719	true	0.8308249267265675	[0.2,0.2,0.8,0.8]	3	true	F	0.07601757981719648	0.0	49.5	159.0	37.0	0.0	0.35	
1	1	false	Bachelors	false	WhiteOnly	35223	3503	true	0.8239978151504338	[0.8,0.8,0.2,0.2]	3	true	E	0.5671313634553691	0.0	36.92094669603357	133.84189339206713	45.386035535977626	0.0	0.7693017767988811	
2	1	false	Graduate	false	Plus2Races	239336	81198	true	0.9181492193647616	[0.2,0.8,0.8,0.8]	2	false	C	0.6515451249449595	0.0	48.207240617313715	156.41448123462743	37.86183958845753	0.0	0.3930919794228762	
3	1	true	HighSchoolOrCollege	false	WhiteOnly	126517	250105	true	0.8350897188022837	[0.8,0.2,0.8,0.2]	2	false	A	0.9218683015890068	0.0	45.903032556787714	151.80606511357541	39.39797829547486	0.0	0.4698989147737429	
4	1	false	Bachelors	false	WhiteOnly	121669	981267	true	0.7640915534102196	[0.2,0.8,0.8,0.2]	2	false	E	0.4697890371038348	0.0	46.58700745465151	153.17401490930303	38.94199503023232	0.0	0.44709975151161613	
5	1	false	Low	false	BlackOnly	321565	184605	true	0.97564431879636	[0.8,0.8,0.8,0.8]	1	false	D	0.8966995968096545	0.0	44.936828763955575	149.87365752791115	40.042114157362946	0.0	0.5021057078681475	
6	1	false	Graduate	false	BlackOnly	390151	652286	true	0.9181492193647616	[0.2,0.8,0.8,0.8]	1	false	G	0.016575878002605404	0.0	46.49311611455371	152.9862322291074	39.004589256964195	0.0	0.4502294628482098	
7	2	true	Bachelors	false	WhiteOnly	132677	118719	true	0.586439749074951	[0.2,0.2,0.8,0.2]	3	true	G	0.6453096829790758	0.0	49.5	159.0	37.0	0.0	0.35	
8	2	false	Bachelors	false	WhiteOnly	20223	43503	true	0.8239978151504338	[0.8,0.8,0.2,0.2]	3	true	B	0.6392733405898906	0.0	45.922729428555485	151.84545885711097	39.38484704762968	0.0	0.46924235238148376	
9	2	false	Graduate	false	Plus2Races	239336	141198	true	0.9181492193647616	[0.2,0.8,0.8,0.8]	3	true	A	0.5810356561190249	0.0	49.5	159.0	37.0	0.0	0.35	
10	2	true	Bachelors	false	WhiteOnly	126517	250105	true	0.586439749074951	[0.2,0.2,0.8,0.2]	2	false	F	0.8837949502977558	0.0	42.57866304315603	145.15732608631205	41.61422463789599	0.0	0.5807112318947992	
11	2	false	Bachelors	false	WhiteOnly	121669	981267	true	0.7640915534102196	[0.2,0.8,0.8,0.2]	2	false	I	0.9819918928591792	0.0	45.12814441146057	150.25628882292114	39.91457039235962	0.0	0.49572851961798103	
12	2	false	HighSchoolOrCollege	false	WhiteOnly	321565	184605	true	0.7640915534102196	[0.2,0.8,0.8,0.2]	2	false	H	0.8442600030071763	0.0	52.622509204636316	165.24501840927263	34.91832719690912	0.0	0.24591635984545607	
13	2	false	Graduate	false	BlackOnly	90151	652286	true	0.9181492193647616	[0.2,0.8,0.8,0.8]	2	false	H	0.216455114509714	0.0	41.66688593068355	143.3337718613671	42.22207604621097	0.0	0.6111038023105485	
14	2	false	Bachelors	false	WhiteOnly	493862	282141	true	0.7640915534102196	[0.2,0.8,0.8,0.2]	1	false	D	0.34481411113233107	0.0	36.940246859496966	133.88049371899393	45.37316876033536	0.0	0.7686584380167679	
15	2	false	HighSchoolOrCollege	false	WhiteOnly	92478	312913	true	0.7640915534102196	[0.2,0.8,0.8,0.2]	1	false	B	0.8855252490361203	0.0	49.5	159.0	37.0	0.0	0.35	
16	2	true	Bachelors	false	WhiteOnly	335941	88098	true	0.586439749074951	[0.2,0.2,0.8,0.2]	1	false	H	0.5411148447990625	0.0	42.29283366390604	144.58566732781208	41.80477755739598	0.0	0.5902388778697988	
17	2	false	Bachelors	false	AsianOnly	53315	137860	true	0.9419085518138751	[0.8,0.8,0.2,0.8]	1	false	H	0.17272746101618253	0.0	38.81342166648185	137.6268433329637	44.12438555567877	0.0	0.7062192777839383	
18	3	true	HighSchoolOrCollege	false	BlackOnly	132677	78719	true	0.8308249267265675	[0.2,0.2,0.8,0.8]	3	true	E	0.8329307885704873	0.0	47.16424028893476	154.32848057786953	38.55717314071016	0.0	0.42785865703550807	
19	3	false	HighSchoolOrCollege	false	WhiteOnly	20223	13503	true	0.8239978151504338	[0.8,0.8,0.2,0.2]	3	true	B	0.014568732337889467	0.0	40.3825800998094	140.7651601996188	43.0782799334604	0.0	0.65391399667302	
20	3	false	Graduate	false	Plus2Races	239336	81198	true	0.9181492193647616	[0.2,0.8,0.8,0.8]	2	false	H	0.2542323474019774	0.0	49.5	159.0	37.0	0.0	0.35	
21	3	true	HighSchoolOrCollege	false	WhiteOnly	126517	250105	true	0.8350897188022837	[0.8,0.2,0.8,0.2]	2	false	B	0.240183873588512	0.0	53.954863797036474	167.90972759407296	34.03009080197568	0.0	0.20150454009878416	
22	3	false	HighSchoolOrCollege	false	WhiteOnly	121669	181267	true	0.7640915534102196	[0.2,0.8,0.8,0.2]	2	false	G	0.9014450204965953	0.0	53.91230324317931	167.82460648635862	34.05846450454713	0.0	0.20292322522735645	
23	3	false	Low	false	BlackOnly	321565	134605	true	0.97564431879636	[0.8,0.8,0.8,0.8]	1	false	A	0.24975271932861276	0.0	52.05478522257378	164.10957044514757	35.29680985161748	0.0	0.264840492580874	
24	3	false	Graduate	false	BlackOnly	65151	652286	true	0.8195081705943794	[0.2,0.8,0.2,0.8]	1	false	C	0.9741275332383502	0.0	49.5	159.0	37.0	0.0	0.35	
25	4	true	HighSchoolOrCollege	false	BlackOnly	132677	78719	true	0.8308249267265675	[0.2,0.2,0.8,0.8]	3	true	F	0.5768293071333385	0.0	38.74785520120758	137.49571040241517	44.16809653252828	0.0	0.708404826626414	
26	4	false	HighSchoolOrCollege	false	WhiteOnly	223	43503	true	0.8239978151504338	[0.8,0.8,0.2,0.2]	3	true	F	0.5208483472719765	0.0	49.5	159.0	37.0	0.0	0.35	
27	4	false	Graduate	false	Plus2Races	239336	81198	true	0.9181492193647616	[0.2,0.8,0.8,0.8]	2	false	E	0.45812111987993676	0.0	49.5	159.0	37.0	0.0	0.35	
28	4	true	HighSchoolOrCollege	false	WhiteOnly	76517	250105	true	0.8350897188022837	[0.8,0.2,0.8,0.2]	2	false	H	0.6636183575651677	0.0	47.23097260282738	154.46194520565476	38.51268493144841	0.0	0.4256342465724206	
29	4	false	Bachelors	false	BlackOnly	96669	131267	true	0.9181492193647616	[0.2,0.8,0.8,0.8]	2	false	C	0.12221390519728725	0.0	49.703026193597196	159.4060523871944	36.86464920426853	0.0	0.34323246021342674	
30	4	false	Low	false	BlackOnly	96565	134605	true	0.97564431879636	[0.8,0.8,0.8,0.8]	1	false	F	0.5676213272448635	0.0	52.23884266242195	164.47768532484392	35.1741048917187	0.0	0.25870524458593486	
31	4	false	Graduate	false	BlackOnly	65151	652286	true	0.8195081705943794	[0.2,0.8,0.2,0.8]	1	false	E	0.19033679577326068	0.0	52.302179868796436	164.60435973759286	35.13188008746904	0.0	0.2565940043734522	
32	5	true	HighSchoolOrCollege	false	BlackOnly	132677	78719	true	0.8308249267265675	[0.2,0.2,0.8,0.8]	3	true	D	0.8353926581731951	0.0	39.99922911287562	139.99845822575122	43.33384725808292	0.0	0.666692362904146	
33	5	false	HighSchoolOrCollege	false	WhiteOnly	20223	13503	true	0.8239978151504338	[0.8,0.8,0.2,0.2]	3	true	C	0.9084346390678095	0.0	49.10232571816345	158.2046514363269	37.26511618789103	0.0	0.3632558093945517	
34	5	false	Bachelors	false	Plus2Races	239336	81198	true	0.9181492193647616	[0.2,0.8,0.8,0.8]	2	false	A	0.1763380347505622	0.0	48.472909668842256	156.9458193376845	37.6847268874385	0.0	0.3842363443719249	
35	5	true	HighSchoolOrCollege	false	WhiteOnly	126517	250105	true	0.8350897188022837	[0.8,0.2,0.8,0.2]	2	false	I	0.33101442866797415	0.0	53.80975159409966	167.6195031881993	34.126832270600225	0.0	0.2063416135300114	
36	5	false	HighSchoolOrCollege	false	BlackOnly	121669	181267	true	0.9181492193647616	[0.2,0.8,0.8,0.8]	2	false	A	0.49517456334072485	0.0	46.78077040451607	153.56154080903212	38.81281973032262	0.0	0.4406409865161311	
37	5	false	Low	false	BlackOnly	321565	134605	true	0.97564431879636	[0.8,0.8,0.8,0.8]	1	false	F	0.07112497323158207	0.0	40.271985335245716	140.54397067049143	43.15200977650285	0.0	0.6576004888251428	
38	5	false	Graduate	false	BlackOnly	65151	652286	true	0.8195081705943794	[0.2,0.8,0.2,0.8]	1	false	C	0.4775851408840355	0.0	41.287261590889855	142.5745231817797	42.47515893940676	0.0	0.623757946970338	
39	5	false	HighSchoolOrCollege	false	BlackOnly	493862	182141	true	0.97564431879636	[0.8,0.8,0.8,0.8]	1	false	A	0.7488079180196093	0.0	37.28255512227788	134.56511024455574	45.14496325181475	0.0	0.7572481625907375	
40	6	true	HighSchoolOrCollege	false	BlackOnly	32677	58719	true	0.6653085272175364	[0.2,0.2,0.2,0.8]	3	true	H	0.6411434137908641	0.0	41.36199649160557	142.72399298321113	42.42533567226296	0.0	0.6212667836131478	
41	6	false	HighSchoolOrCollege	false	BlackOnly	223	13503	true	0.9419085518138751	[0.8,0.8,0.2,0.8]	3	true	F	0.1634298952354285	0.0	50.6995429793312	161.3990859586624	36.20030468044587	0.0	0.31001523402229325	
42	6	false	HighSchoolOrCollege	false	Plus2Races	239336	31198	true	0.9181492193647616	[0.2,0.8,0.8,0.8]	2	false	E	0.10166529909706257	0.0	40.41468431916293	140.82936863832586	43.05687712055804	0.0	0.6528438560279023	
43	6	true	Low	false	BlackOnly	26517	100105	true	0.8765234960785928	[0.8,0.2,0.2,0.8]	2	false	H	0.056349386763321685	0.0	46.99451933176677	153.98903866353353	38.67032044548883	0.0	0.4335160222744412	
44	6	false	HighSchoolOrCollege	false	BlackOnly	46669	81267	true	0.8195081705943794	[0.2,0.8,0.2,0.8]	2	false	A	0.3508156386169312	0.0	51.933409839071146	163.8668196781423	35.377726773952574	0.0	0.2688863386976285	
45	6	false	Low	false	BlackOnly	46565	34605	true	0.9419085518138751	[0.8,0.8,0.2,0.8]	1	false	J	0.9223207816958127	0.0	48.63949056299455	157.2789811259891	37.57367295800363	0.0	0.37868364790018144	
46	6	false	Bachelors	false	BlackOnly	40151	152286	true	0.8195081705943794	[0.2,0.8,0.2,0.8]	1	false	H	0.15957530558438804	0.0	44.74265934755457	149.48531869510916	40.17156043496362	0.0	0.5085780217481809	
47	7	true	HighSchoolOrCollege	false	BlackOnly	57677	58719	true	0.6653085272175364	[0.2,0.2,0.2,0.8]	3	true	E	0.4473451870946019	0.0	39.59740243675676	139.19480487351353	43.60173170882883	0.0	0.6800865854414414	
48	7	false	HighSchoolOrCollege	false	BlackOnly	20223	3503	true	0.9419085518138751	[0.8,0.8,0.2,0.8]	2	false	F	0.9170792298916498	0.0	49.11374194272841	158.22748388545682	37.25750537151439	0.0	0.36287526857571956	
49	7	false	Bachelors	false	Plus2Races	89336	31198	true	0.9181492193647616	[0.2,0.8,0.8,0.8]	1	false	A	0.5092561141416116	0.0	43.13544663935653	146.27089327871306	41.24303557376231	0.0	0.5621517786881156	
50	8	true	Bachelors	false	BlackOnly	82677	78719	true	0.8308249267265675	[0.2,0.2,0.8,0.8]	3	true	C	0.0140936904692045	0.0	49.5	159.0	37.0	0.0	0.35	
51	8	false	Bachelors	false	WhiteOnly	223	3503	true	0.5672894400869586	[0.2,0.8,0.2,0.2]	3	true	G	0.33505756172506806	0.0	40.79667367290872	141.59334734581745	42.802217551394186	0.0	0.6401108775697094	
52	8	false	Graduate	false	Plus2Races	239336	81198	true	0.9181492193647616	[0.2,0.8,0.8,0.8]	3	true	C	0.9605180335315081	0.0	49.5	159.0	37.0	0.0	0.35	
53	8	true	HighSchoolOrCollege	false	WhiteOnly	76517	150105	true	0.586439749074951	[0.2,0.2,0.8,0.2]	3	true	A	0.6422265185777981	0.0	49.5	159.0	37.0	0.0	0.35	
54	8	false	Bachelors	false	BlackOnly	96669	181267	true	0.9181492193647616	[0.2,0.8,0.8,0.8]	2	false	J	0.29839403282955723	0.0	49.5	159.0	37.0	0.0	0.35	
55	8	false	Low	false	BlackOnly	96565	134605	true	0.9181492193647616	[0.2,0.8,0.8,0.8]	2	false	F	0.5309364055588359	0.0	37.90840215292096	135.8168043058419	44.727731898052696	0.0	0.7363865949026348	
56	8	false	Graduate	false	BlackOnly	65151	152286	true	0.8195081705943794	[0.2,0.8,0.2,0.8]	2	false	J	0.20369566754147683	0.0	43.77847279205034	147.55694558410067	40.81435147196645	0.0	0.5407175735983222	
57	8	false	Bachelors	false	BlackOnly	93862	132141	true	0.9181492193647616	[0.2,0.8,0.8,0.8]	2	false	E	0.4240324090811536	0.0	49.5	159.0	37.0	0.0	0.35	
58	8	false	Low	false	BlackOnly	67478	162913	true	0.8195081705943794	[0.2,0.8,0.2,0.8]	2	false	E	0.8369015624088374	0.0	46.70375625571134	153.40751251142268	38.864162496192435	0.0	0.44320812480962196	
59	8	true	Low	false	WhiteOnly	335941	58098	true	0.586439749074951	[0.2,0.2,0.8,0.2]	1	false	D	0.5206669720999458	0.0	45.92710584943931	151.8542116988786	39.38192943370713	0.0	0.4690964716853564	
60	8	false	Bachelors	false	AsianOnly	28315	67860	true	0.8195081705943794	[0.2,0.8,0.2,0.8]	1	false	H	0.802724966549823	0.0	46.718024886290046	153.43604977258008	38.85465007580664	0.0	0.44273250379033185	
61	8	false	Bachelors	false	BlackOnly	54362	138560	true	0.8195081705943794	[0.2,0.8,0.2,0.8]	1	false	E	0.2031853003201327	0.0	48.40855583700233	156.81711167400465	37.727629441998445	0.0	0.38638147209992224	
62	8	false	Bachelors	false	AsianOnly	79443	14232	true	0.9181492193647616	[0.2,0.8,0.8,0.8]	1	false	H	0.6210756879529469	0.0	51.72773190377036	163.45546380754072	35.514845397486425	0.0	0.27574226987432116	
63	9	true	Low	false	BlackOnly	132677	28719	true	0.8308249267265675	[0.2,0.2,0.8,0.8]	3	true	D	0.12570250746548894	0.0	50.70694353179952	161.41388706359902	36.19537097880032	0.0	0.3097685489400161	
64	9	false	HighSchoolOrCollege	false	WhiteOnly	223	3503	true	0.8239978151504338	[0.8,0.8,0.2,0.2]	3	true	C	0.6096912629829989	0.0	43.96924666327197	147.93849332654395	40.68716889115202	0.0	0.5343584445576011	
65	9	false	Bachelors	false	Plus2Races	239336	11198	true	0.9181492193647616	[0.2,0.8,0.8,0.8]	3	true	H	0.5207965007143561	0.0	47.10634872225511	154.2126974445102	38.595767518496594	0.0	0.4297883759248296	
66	9	true	Low	false	WhiteOnly	76517	150105	true	0.586439749074951	[0.2,0.2,0.8,0.2]	2	false	H	0.4247369558150387	0.0	51.77496794236389	163.54993588472777	35.48335470509075	0.0	0.2741677352545372	
67	9	false	HighSchoolOrCollege	false	BlackOnly	96669	131267	true	0.9181492193647616	[0.2,0.8,0.8,0.8]	2	false	G	0.8837855219444379	0.0	36.4160000681228	132.8320001362456	45.72266662125146	0.0	0.7861333310625733	
68	9	false	Low	false	BlackOnly	96565	34605	true	0.9181492193647616	[0.2,0.8,0.8,0.8]	2	false	J	0.8685066599603204	0.0	53.405477706771634	166.81095541354327	34.39634819548557	0.0	0.21981740977427877	
69	9	false	Bachelors	false	BlackOnly	65151	152286	true	0.8195081705943794	[0.2,0.8,0.2,0.8]	2	false	H	0.1454866680520146	0.0	51.84965250301761	163.69930500603522	35.433564997988256	0.0	0.2716782498994129	
70	9	false	HighSchoolOrCollege	false	BlackOnly	93862	132141	true	0.9181492193647616	[0.2,0.8,0.8,0.8]	1	false	I	0.9008260549383929	0.0	50.078858737400346	160.1577174748007	36.614094175066434	0.0	0.33070470875332175	
71	9	false	Low	false	BlackOnly	42478	162913	true	0.8195081705943794	[0.2,0.8,0.2,0.8]	1	false	J	0.25185299590249255	0.0	40.149915848390364	140.29983169678073	43.233389434406426	0.0	0.6616694717203213	
72	9	true	Low	false	WhiteOnly	335941	18098	true	0.586439749074951	[0.2,0.2,0.8,0.2]	1	false	A	0.8045603290016349	0.0	49.27770810399061	158.55541620798124	37.14819459733959	0.0	0.3574097298669796	
73	10	true	HighSchoolOrCollege	false	BlackOnly	132677	118719	true	0.8308249267265675	[0.2,0.2,0.8,0.8]	3	true	H	0.9616582547287215	0.0	42.64559410354164	145.29118820708328	41.56960393097224	0.0	0.5784801965486122	
74	10	false	HighSchoolOrCollege	false	WhiteOnly	223	43503	true	0.8239978151504338	[0.8,0.8,0.2,0.2]	3	true	G	0.08767211093664184	0.0	44.27892769466389	148.55785538932778	40.48071487022407	0.0	0.5240357435112035	
75	10	false	Graduate	false	Plus2Races	239336	141198	true	0.9181492193647616	[0.2,0.8,0.8,0.8]	2	false	E	0.6854067779979411	0.0	49.5	159.0	37.0	0.0	0.35	
76	10	true	HighSchoolOrCollege	false	WhiteOnly	126517	250105	true	0.8350897188022837	[0.8,0.2,0.8,0.2]	2	false	F	0.3191443222882526	0.0	38.52909478738823	137.05818957477646	44.313936808407846	0.0	0.7156968404203923	
77	10	false	Bachelors	false	WhiteOnly	121669	181267	true	0.7640915534102196	[0.2,0.8,0.8,0.2]	2	false	H	0.4288505442693771	0.0	45.86462464283823	151.72924928567647	39.42358357144118	0.0	0.471179178572059	
78	10	false	Low	false	BlackOnly	321565	184605	true	0.9181492193647616	[0.2,0.8,0.8,0.8]	1	false	I	0.6338853514263962	0.0	51.19100185954561	162.38200371909122	35.8726654269696	0.0	0.2936332713484798	
79	10	false	Graduate	false	BlackOnly	90151	652286	true	0.9181492193647616	[0.2,0.8,0.8,0.8]	1	false	D	0.5027224820965754	0.0	36.11229258877994	132.22458517755987	45.925138274146704	0.0	0.7962569137073353	
80	10	false	Bachelors	false	WhiteOnly	493862	182141	true	0.7640915534102196	[0.2,0.8,0.8,0.2]	1	false	G	0.8108198329290238	0.0	45.751824322401255	151.50364864480252	39.498783785065825	0.0	0.4749391892532915	
81	11	true	Bachelors	false	WhiteOnly	132677	118719	true	0.586439749074951	[0.2,0.2,0.8,0.2]	3	true	I	0.14827712343233634	0.0	52.57356272886163	165.14712545772326	34.95095818075892	0.0	0.2475479090379457	
82	11	false	Bachelors	false	WhiteOnly	223	43503	true	0.8239978151504338	[0.8,0.8,0.2,0.2]	3	true	H	0.35565694283953875	0.0	48.63743433672216	157.27486867344433	37.57504377551856	0.0	0.378752188775928	
83	11	false	Graduate	false	Plus2Races	239336	141198	true	0.9181492193647616	[0.2,0.8,0.8,0.8]	2	false	J	0.575023688016323	0.0	53.94899555102789	167.89799110205578	34.03400296598141	0.0	0.2017001482990704	
84	11	true	HighSchoolOrCollege	false	WhiteOnly	126517	250105	true	0.8350897188022837	[0.8,0.2,0.8,0.2]	2	false	C	0.4831700681594622	0.0	36.14813178378383	132.29626356756768	45.901245477477445	0.0	0.7950622738738723	
85	11	false	Bachelors	false	WhiteOnly	121669	981267	true	0.7640915534102196	[0.2,0.8,0.8,0.2]	2	false	G	0.020630283890253676	0.0	49.5	159.0	37.0	0.0	0.35	
86	11	false	Low	false	WhiteOnly	321565	284605	true	0.9204234728229822	[0.8,0.8,0.8,0.2]	1	false	B	0.35620984000448896	0.0	39.57823536479826	139.15647072959652	43.61450975680116	0.0	0.6807254878400582	
87	11	false	Graduate	false	BlackOnly	90151	652286	true	0.9181492193647616	[0.2,0.8,0.8,0.8]	1	false	G	0.6970254459521299	0.0	40.773622005339625	141.54724401067926	42.817585329773586	0.0	0.6408792664886792	
88	12	true	HighSchoolOrCollege	false	BlackOnly	82677	58719	true	0.8308249267265675	[0.2,0.2,0.8,0.8]	3	true	I	0.7023894475416218	0.0	43.93393661572193	147.86787323144387	40.71070892285204	0.0	0.5355354461426021	
89	12	false	HighSchoolOrCollege	true	WhiteOnly	223	3503	true	0.8239978151504338	[0.8,0.8,0.2,0.2]	3	true	H	0.47733601294805217	0.0	49.5	159.0	37.0	0.0	0.35	
90	12	false	Bachelors	false	Plus2Races	239336	31198	true	0.9181492193647616	[0.2,0.8,0.8,0.8]	3	true	B	0.8226211016166479	0.0	38.764246415253666	137.52849283050733	44.15716905649756	0.0	0.7078584528248779	
91	12	true	HighSchoolOrCollege	false	WhiteOnly	51517	150105	true	0.6720990985064282	[0.8,0.2,0.2,0.2]	3	true	A	0.7308500430283708	0.0	46.38341269441817	152.76682538883634	39.07772487038789	0.0	0.4538862435193944	
92	12	true	HighSchoolOrCollege	false	WhiteOnly	96669	131267	true	0.586439749074951	[0.2,0.2,0.8,0.2]	2	false	F	0.16129403159478184	0.0	49.5	159.0	37.0	0.0	0.35	
93	12	true	Low	false	BlackOnly	71565	64605	true	0.8308249267265675	[0.2,0.2,0.8,0.8]	2	false	I	0.976828325012938	0.0	42.13928376826069	144.2785675365214	41.90714415449287	0.0	0.5953572077246436	
94	12	false	Graduate	false	BlackOnly	65151	652286	true	0.8195081705943794	[0.2,0.8,0.2,0.8]	2	false	F	0.8842451873408643	0.0	51.8459286859281	163.6918573718562	35.4360475427146	0.0	0.27180237713572997	
95	12	false	HighSchoolOrCollege	false	BlackOnly	68862	132141	true	0.8195081705943794	[0.2,0.8,0.2,0.8]	2	false	B	0.7693390716555059	0.0	50.43528128177176	160.87056256354353	36.37647914548549	0.0	0.3188239572742747	
96	12	true	Low	false	BlackOnly	42478	162913	true	0.6653085272175364	[0.2,0.2,0.2,0.8]	2	false	A	0.025153419122289855	0.0	44.60361202225289	149.20722404450578	40.26425865183141	0.0	0.5132129325915704	
97	12	true	Low	false	WhiteOnly	335941	58098	true	0.586439749074951	[0.2,0.2,0.8,0.2]	1	false	G	0.10801303188442912	0.0	38.4495361917422	136.8990723834844	44.36697587217187	0.0	0.7183487936085935	
98	12	true	HighSchoolOrCollege	false	BlackOnly	28315	57860	true	0.8765234960785928	[0.8,0.2,0.2,0.8]	1	false	A	0.5778975383799542	0.0	49.5	159.0	37.0	0.0	0.35	
99	12	true	HighSchoolOrCollege	false	BlackOnly	29362	78560	true	0.6653085272175364	[0.2,0.2,0.2,0.8]	1	false	A	0.39022332242977553	0.0	48.22901151428037	156.45802302856075	37.84732565714642	0.0	0.392366282857321	
100	12	false	HighSchoolOrCollege	false	AsianOnly	54443	14232	true	0.8195081705943794	[0.2,0.8,0.2,0.8]	1	false	H	0.37858191285964904	0.0	51.91870131709949	163.83740263419898	35.38753245526701	0.0	0.2693766227633502	
101	13	true	HighSchoolOrCollege	false	BlackOnly	132677	78719	true	0.8308249267265675	[0.2,0.2,0.8,0.8]	3	true	J	0.15492973255262776	0.0	51.9441784249477	163.8883568498954	35.37054771670154	0.0	0.2685273858350767	
102	13	false	HighSchoolOrCollege	false	BlackOnly	20223	13503	true	0.9419085518138751	[0.8,0.8,0.2,0.8]	2	false	E	0.3533894527700233	0.0	49.5	159.0	37.0	0.0	0.35	
103	13	false	Graduate	false	Plus2Races	239336	81198	true	0.9181492193647616	[0.2,0.8,0.8,0.8]	1	false	A	0.4514938074069872	0.0	48.35234830602817	156.70469661205632	37.76510112931456	0.0	0.3882550564657278	
104	14	false	HighSchoolOrCollege	false	BlackOnly	32677	58719	true	0.9419085518138751	[0.8,0.8,0.2,0.8]	2	false	G	0.6481599306956873	0.0	45.7697825084434	151.5395650168868	39.486811661037734	0.0	0.4743405830518867	
105	15	true	HighSchoolOrCollege	false	BlackOnly	32677	58719	true	0.6653085272175364	[0.2,0.2,0.2,0.8]	3	true	E	0.1570827920903971	0.0	52.288884166506755	164.57776833301352	35.140743888995495	0.0	0.2570371944497748	
106	15	false	HighSchoolOrCollege	false	BlackOnly	223	13503	true	0.8195081705943794	[0.2,0.8,0.2,0.8]	3	true	J	0.3959024909097375	0.0	43.61040197319567	147.22080394639136	40.926398684536224	0.0	0.546319934226811	
107	15	false	Bachelors	false	Plus2Races	64336	31198	true	0.8195081705943794	[0.2,0.8,0.2,0.8]	3	true	I	0.01761157159404425	0.0	49.5	159.0	37.0	0.0	0.35	
108	15	true	HighSchoolOrCollege	false	BlackOnly	26517	70105	true	0.6653085272175364	[0.2,0.2,0.2,0.8]	2	false	D	0.07035137635535749	0.0	47.2335427036836	154.4670854073672	38.5109715308776	0.0	0.42554857654388	
109	15	true	HighSchoolOrCollege	false	BlackOnly	46669	81267	true	0.6653085272175364	[0.2,0.2,0.2,0.8]	2	false	J	0.21408687020172412	0.0	49.64190199847162	159.28380399694322	36.90539866768559	0.0	0.3452699333842794	
110	15	false	Low	false	BlackOnly	46565	64605	true	0.8195081705943794	[0.2,0.8,0.2,0.8]	2	false	I	0.4614543628490846	0.0	48.44071636984652	156.88143273969303	37.70618908676899	0.0	0.3853094543384493	
111	15	false	Graduate	false	BlackOnly	40151	102286	true	0.8195081705943794	[0.2,0.8,0.2,0.8]	2	false	D	0.5042401616627411	0.0	46.38844887096719	152.77689774193436	39.074367419355205	0.0	0.45371837096776035	
112	15	false	HighSchoolOrCollege	false	BlackOnly	43862	62141	true	0.8195081705943794	[0.2,0.8,0.2,0.8]	1	false	B	0.24942023595481055	0.0	50.85239765688542	161.70479531377086	36.09840156207638	0.0	0.3049200781038192	
113	15	true	Low	false	BlackOnly	12478	92913	true	0.6653085272175364	[0.2,0.2,0.2,0.8]	1	false	G	0.7192272613327496	0.0	51.23672164526833	162.47344329053666	35.84218556982111	0.0	0.2921092784910556	
114	15	true	Low	false	WhiteOnly	60941	18098	true	0.36466425585868595	[0.2,0.2,0.2,0.2]	1	false	E	0.5083162810779204	0.0	41.216587216396206	142.4331744327924	42.5222751890692	0.0	0.6261137594534599	
115	16	false	HighSchoolOrCollege	false	BlackOnly	132677	78719	true	0.9181492193647616	[0.2,0.8,0.8,0.8]	3	true	I	0.07823589755412663	0.0	40.23545766261429	140.4709153252286	43.17636155825714	0.0	0.6588180779128571	
116	16	false	HighSchoolOrCollege	false	BlackOnly	223	13503	true	0.9419085518138751	[0.8,0.8,0.2,0.8]	3	true	B	0.1615742892518417	0.0	37.05030998785109	134.10061997570216	45.299793341432604	0.0	0.7649896670716304	
117	16	false	Bachelors	false	Plus2Races	239336	31198	true	0.9181492193647616	[0.2,0.8,0.8,0.8]	2	false	G	0.8334745765172082	0.0	37.80377322181193	135.60754644362385	44.79748451879205	0.0	0.7398742259396023	
118	16	true	HighSchoolOrCollege	false	BlackOnly	76517	250105	true	0.8308249267265675	[0.2,0.2,0.8,0.8]	2	false	D	0.05043442526656561	0.0	53.85654792616497	167.71309585232996	34.09563471589002	0.0	0.20478173579450093	
119	16	false	HighSchoolOrCollege	false	BlackOnly	121669	181267	true	0.9181492193647616	[0.2,0.8,0.8,0.8]	2	false	D	0.761742211284398	0.0	41.288361872811585	142.57672374562316	42.474425418125605	0.0	0.6237212709062805	
120	16	false	Low	false	BlackOnly	321565	134605	true	0.9181492193647616	[0.2,0.8,0.8,0.8]	1	false	B	0.7385865447442503	0.0	36.86706488585326	133.73412977170653	45.42195674276449	0.0	0.7710978371382247	
121	16	false	Bachelors	false	BlackOnly	65151	652286	true	0.8195081705943794	[0.2,0.8,0.2,0.8]	1	false	J	0.9762085940306349	0.0	43.13448912347855	146.2689782469571	41.243673917680965	0.0	0.5621836958840483	
122	17	true	HighSchoolOrCollege	false	BlackOnly	57677	58719	true	0.6653085272175364	[0.2,0.2,0.2,0.8]	3	true	A	0.044935069879681544	0.0	41.0593013773901	142.1186027547802	42.62713241507327	0.0	0.6313566207536634	
123	17	false	HighSchoolOrCollege	false	BlackOnly	20223	3503	true	0.9419085518138751	[0.8,0.8,0.2,0.8]	3	true	G	0.005867545295315413	0.0	42.24479185994207	144.48958371988414	41.83680542670528	0.0	0.5918402713352643	
124	17	false	HighSchoolOrCollege	false	Plus2Races	89336	11198	true	0.9181492193647616	[0.2,0.8,0.8,0.8]	2	false	I	0.44300188510193295	0.0	43.25246160284131	146.50492320568262	41.1650255981058	0.0	0.5582512799052898	
125	17	true	Low	false	BlackOnly	26517	100105	true	0.8765234960785928	[0.8,0.2,0.2,0.8]	2	false	C	0.9093636913264165	0.0	43.85830173336048	147.71660346672095	40.761132177759684	0.0	0.5380566088879841	
126	17	false	HighSchoolOrCollege	false	BlackOnly	46669	81267	true	0.8195081705943794	[0.2,0.8,0.2,0.8]	2	false	D	0.9144641734497747	0.0	38.811678495228705	137.6233569904574	44.12554766984753	0.0	0.7062773834923765	
127	17	false	Low	false	BlackOnly	46565	34605	true	0.9419085518138751	[0.8,0.8,0.2,0.8]	1	false	I	0.6882518848710977	0.0	46.35302402966847	152.70604805933692	39.097983980221024	0.0	0.45489919901105114	
128	17	false	HighSchoolOrCollege	false	BlackOnly	40151	102286	true	0.8195081705943794	[0.2,0.8,0.2,0.8]	1	false	H	0.662742663171861	0.0	44.0859862736164	148.1719725472328	40.609342484255734	0.0	0.5304671242127867	
129	17	false	HighSchoolOrCollege	false	BlackOnly	43862	62141	true	0.8195081705943794	[0.2,0.8,0.2,0.8]	1	false	G	0.32344824929174865	0.0	50.41319969492175	160.82639938984352	36.3912002033855	0.0	0.319560010169275	
130	18	true	HighSchoolOrCollege	false	BlackOnly	57677	28719	true	0.6653085272175364	[0.2,0.2,0.2,0.8]	3	true	G	0.6314564610187157	0.0	52.77983859233485	165.55967718466968	34.813440938443435	0.0	0.2406720469221718	
131	18	false	HighSchoolOrCollege	false	BlackOnly	20223	3503	true	0.9419085518138751	[0.8,0.8,0.2,0.8]	2	false	C	0.14705601144727964	0.0	39.46214847337582	138.92429694675164	43.69190101774945	0.0	0.6845950508874725	
132	18	false	Bachelors	false	Plus2Races	89336	11198	true	0.9181492193647616	[0.2,0.8,0.8,0.8]	2	false	H	0.4232217526486587	0.0	40.4078652767821	140.8157305535642	43.06142314881193	0.0	0.6530711574405967	
133	18	true	HighSchoolOrCollege	false	WhiteOnly	51517	150105	true	0.6720990985064282	[0.8,0.2,0.2,0.2]	1	false	D	0.8501575972451171	0.0	53.479369396626225	166.95873879325245	34.34708706891585	0.0	0.21735435344579251	
134	19	true	Bachelors	false	BlackOnly	132677	118719	true	0.8308249267265675	[0.2,0.2,0.8,0.8]	3	true	F	0.9889177768451057	0.0	46.54933047982681	153.0986609596536	38.967113013448795	0.0	0.44835565067243965	
135	19	false	Bachelors	false	WhiteOnly	223	13503	true	0.8239978151504338	[0.8,0.8,0.2,0.2]	3	true	B	0.1597696106526656	0.0	51.31708507538248	162.63417015076496	35.788609949745016	0.0	0.2894304974872508	
136	19	false	Graduate	false	Plus2Races	239336	81198	true	0.9181492193647616	[0.2,0.8,0.8,0.8]	3	true	E	0.1838011534844899	0.0	50.2288661831828	160.4577323663656	36.51408921121146	0.0	0.3257044605605731	
137	19	true	HighSchoolOrCollege	false	WhiteOnly	126517	250105	true	0.8350897188022837	[0.8,0.2,0.8,0.2]	2	false	C	0.8956861138130119	0.0	42.55452409456729	145.10904818913457	41.63031727028847	0.0	0.5815158635144236	
138	19	false	Bachelors	false	WhiteOnly	121669	981267	true	0.7640915534102196	[0.2,0.8,0.8,0.2]	2	false	D	0.6307113909097413	0.0	46.20338166149495	152.4067633229899	39.197745559003366	0.0	0.45988727795016826	
139	19	false	Low	false	BlackOnly	321565	284605	true	0.97564431879636	[0.8,0.8,0.8,0.8]	2	false	F	0.9805491385317288	0.0	50.46757034022955	160.93514068045909	36.35495310651363	0.0	0.31774765532568167	
140	19	false	Graduate	false	BlackOnly	90151	652286	true	0.9181492193647616	[0.2,0.8,0.8,0.8]	1	false	H	0.735400734632836	0.0	43.192803152050246	146.3856063041005	41.204797898633174	0.0	0.5602398949316585	
141	19	false	Bachelors	false	WhiteOnly	493862	282141	true	0.9204234728229822	[0.8,0.8,0.8,0.2]	1	false	B	0.853047317305678	0.0	39.72585393851447	139.45170787702892	43.51609737432369	0.0	0.6758048687161844	
142	19	true	Low	false	WhiteOnly	67478	312913	true	0.36466425585868595	[0.2,0.2,0.2,0.2]	1	false	J	0.5288269970044548	0.0	48.42734949580605	156.8546989916121	37.715100336129304	0.0	0.38575501680646507	
143	20	true	HighSchoolOrCollege	false	BlackOnly	132677	78719	true	0.8308249267265675	[0.2,0.2,0.8,0.8]	3	true	H	0.3750391810520384	0.0	40.90023136164264	141.80046272328528	42.733179092238245	0.0	0.6366589546119121	
144	20	false	HighSchoolOrCollege	false	WhiteOnly	35223	43503	true	0.8239978151504338	[0.8,0.8,0.2,0.2]	3	true	J	0.20759545283472802	0.0	51.31210660099681	162.62421320199363	35.79192893266879	0.0	0.2895964466334395	
145	20	false	Graduate	false	Plus2Races	239336	81198	true	0.9181492193647616	[0.2,0.8,0.8,0.8]	3	true	I	0.5850318899618832	0.0	42.19948585059921	144.39897170119843	41.867009432933855	0.0	0.593350471646693	
146	20	true	HighSchoolOrCollege	false	WhiteOnly	126517	250105	true	0.8350897188022837	[0.8,0.2,0.8,0.2]	2	false	B	0.2886683068602113	0.0	47.53179024850735	155.0635804970147	38.312139834328434	0.0	0.4156069917164217	
147	20	false	Bachelors	false	WhiteOnly	121669	981267	true	0.7640915534102196	[0.2,0.8,0.8,0.2]	2	false	D	0.036354937762643535	0.0	52.20673948692661	164.41347897385322	35.195507008715595	0.0	0.25977535043577965	
148	20	false	Low	false	BlackOnly	321565	184605	true	0.9181492193647616	[0.2,0.8,0.8,0.8]	2	false	J	0.928367036473352	0.0	42.929297605069394	145.8585952101388	41.38046826328707	0.0	0.5690234131643537	
149	20	false	Graduate	false	BlackOnly	90151	652286	true	0.9181492193647616	[0.2,0.8,0.8,0.8]	2	false	G	0.8194101355623743	0.0	42.71899697393664	145.43799394787328	41.52066868404224	0.0	0.5760334342021121	
150	20	false	Bachelors	false	WhiteOnly	493862	282141	true	0.7640915534102196	[0.2,0.8,0.8,0.2]	1	false	G	0.036677826735502905	0.0	51.417922377522004	162.835844755044	35.721385081651995	0.0	0.28606925408259976	
151	20	false	HighSchoolOrCollege	false	WhiteOnly	92478	312913	true	0.7640915534102196	[0.2,0.8,0.8,0.2]	1	false	G	0.7163650460471616	0.0	38.02638252066667	136.05276504133334	44.64907831955555	0.0	0.7324539159777774	
152	20	true	HighSchoolOrCollege	false	WhiteOnly	335941	88098	true	0.586439749074951	[0.2,0.2,0.8,0.2]	1	false	I	0.09674698223408984	0.0	48.17854570258563	156.35709140517125	37.88096953160958	0.0	0.39404847658047903	
153	21	true	Bachelors	false	BlackOnly	132677	118719	true	0.8308249267265675	[0.2,0.2,0.8,0.8]	3	true	I	0.7387735638694937	0.0	44.52025705357384	149.0405141071477	40.319828630950774	0.0	0.5159914315475387	
154	21	false	Bachelors	false	WhiteOnly	20223	43503	true	0.8239978151504338	[0.8,0.8,0.2,0.2]	3	true	I	0.30454072911567454	0.0	52.16879222980044	164.3375844596009	35.22080518013304	0.0	0.261040259006652	
155	21	false	Graduate	false	Plus2Races	239336	141198	true	0.9181492193647616	[0.2,0.8,0.8,0.8]	3	true	A	0.8213848549069899	0.0	53.71879414926859	167.43758829853718	34.18747056715427	0.0	0.20937352835771356	
156	21	true	HighSchoolOrCollege	false	WhiteOnly	126517	250105	true	0.8350897188022837	[0.8,0.2,0.8,0.2]	3	true	J	0.14347193742257058	0.0	47.29166973625228	154.58333947250458	38.472220175831815	0.0	0.42361100879159064	
157	21	false	Bachelors	false	WhiteOnly	121669	981267	true	0.7640915534102196	[0.2,0.8,0.8,0.2]	2	false	A	0.3442062752471625	0.0	43.84799130473682	147.69598260947365	40.76800579684212	0.0	0.5384002898421059	
158	21	false	HighSchoolOrCollege	false	BlackOnly	321565	284605	true	0.97564431879636	[0.8,0.8,0.8,0.8]	2	false	E	0.9326365365438682	0.0	50.40684535488856	160.81369070977712	36.3954364300743	0.0	0.31977182150371475	
159	21	false	Graduate	false	BlackOnly	90151	652286	true	0.9181492193647616	[0.2,0.8,0.8,0.8]	2	false	D	0.4090979369019405	0.0	39.83120211781258	139.66240423562516	43.44586525479161	0.0	0.6722932627395807	
160	21	false	Bachelors	false	WhiteOnly	493862	282141	true	0.7640915534102196	[0.2,0.8,0.8,0.2]	2	false	J	0.33776166040361266	0.0	51.022535158543334	162.04507031708667	35.984976560971106	0.0	0.29924882804855546	
161	21	false	HighSchoolOrCollege	false	WhiteOnly	67478	312913	true	0.5672894400869586	[0.2,0.8,0.2,0.2]	1	false	D	0.19298196527272105	0.0	48.319509150351884	156.63901830070375	37.78699389976541	0.0	0.38934969498827054	
162	21	true	HighSchoolOrCollege	false	WhiteOnly	335941	88098	true	0.8350897188022837	[0.8,0.2,0.8,0.2]	1	false	I	0.0944485255779478	0.0	52.495656778576034	164.99131355715207	35.00289548094931	0.0	0.25014477404746566	
163	21	false	Bachelors	false	BlackOnly	28315	187860	true	0.9419085518138751	[0.8,0.8,0.2,0.8]	1	false	J	0.11877711488127418	0.0	49.22072330510695	158.44144661021392	37.18618446326203	0.0	0.35930922316310165	
164	21	false	Bachelors	false	WhiteOnly	54362	188560	true	0.5672894400869586	[0.2,0.8,0.2,0.2]	1	false	G	0.6308898923161882	0.0	44.0018786667207	148.0037573334414	40.6654142221862	0.0	0.5332707111093101	
165	22	true	HighSchoolOrCollege	false	BlackOnly	132677	78719	true	0.8308249267265675	[0.2,0.2,0.8,0.8]	3	true	I	0.9121215905076436	0.0	47.35144609663176	154.70289219326352	38.43236926891216	0.0	0.421618463445608	
166	22	false	HighSchoolOrCollege	false	WhiteOnly	223	13503	true	0.8239978151504338	[0.8,0.8,0.2,0.2]	3	true	E	0.6437651212351094	0.0	43.36583579168922	146.73167158337844	41.08944280554052	0.0	0.554472140277026	
167	22	false	Bachelors	false	Plus2Races	239336	31198	true	0.9181492193647616	[0.2,0.8,0.8,0.8]	2	false	G	0.6000853915223706	0.0	45.04177789725537	150.08355579451074	39.97214806849642	0.0	0.49860740342482096	
168	22	true	Low	false	WhiteOnly	76517	250105	true	0.8350897188022837	[0.8,0.2,0.8,0.2]	2	false	D	0.23563715389847895	0.0	47.47616369805098	154.95232739610196	38.34922420129935	0.0	0.41746121006496734	
169	22	false	HighSchoolOrCollege	false	BlackOnly	121669	981267	true	0.9181492193647616	[0.2,0.8,0.8,0.8]	2	false	F	0.7581118239045014	0.0	50.42147402148034	160.8429480429607	36.38568398567977	0.0	0.3192841992839886	
170	22	false	Low	false	BlackOnly	96565	134605	true	0.9181492193647616	[0.2,0.8,0.8,0.8]	1	false	C	0.36802855400401435	0.0	37.295304509915965	134.59060901983193	45.13646366005602	0.0	0.756823183002801	
171	22	false	Bachelors	false	BlackOnly	65151	652286	true	0.8195081705943794	[0.2,0.8,0.2,0.8]	1	false	D	0.4797260971018845	0.0	36.096598041485095	132.1931960829702	45.9356013056766	0.0	0.79678006528383	
172	23	true	HighSchoolOrCollege	false	BlackOnly	82677	58719	true	0.8308249267265675	[0.2,0.2,0.8,0.8]	3	true	B	0.7169426225567818	0.0	51.97811458355799	163.95622916711596	35.347923610961345	0.0	0.2673961805480671	
173	23	false	HighSchoolOrCollege	false	BlackOnly	20223	13503	true	0.9419085518138751	[0.8,0.8,0.2,0.8]	2	false	I	0.6993299028117143	0.0	45.987350607674074	151.97470121534815	39.34176626155062	0.0	0.46708831307753096	
174	23	false	Bachelors	false	Plus2Races	239336	31198	true	0.9181492193647616	[0.2,0.8,0.8,0.8]	2	false	E	0.6802363927781564	0.0	52.55220832655848	165.10441665311697	34.965194448961014	0.0	0.24825972244805067	
175	23	true	Low	false	BlackOnly	51517	150105	true	0.8765234960785928	[0.8,0.2,0.2,0.8]	1	false	E	0.5504687695952621	0.0	45.84082518984106	151.6816503796821	39.439449873439294	0.0	0.47197249367196464	
176	23	false	HighSchoolOrCollege	false	BlackOnly	71669	131267	true	0.9181492193647616	[0.2,0.8,0.8,0.8]	1	false	I	0.6156757429976873	0.0	38.193487791409865	136.38697558281973	44.53767480572676	0.0	0.7268837402863378	
177	24	true	HighSchoolOrCollege	false	BlackOnly	82677	78719	true	0.8308249267265675	[0.2,0.2,0.8,0.8]	3	true	C	0.8668863588842998	0.0	45.255979770659835	150.51195954131967	39.829346819560115	0.0	0.49146734097800565	
178	24	false	HighSchoolOrCollege	false	WhiteOnly	223	13503	true	0.8239978151504338	[0.8,0.8,0.2,0.2]	2	false	G	0.4283920653764458	0.0	38.05880558920511	136.11761117841021	44.627462940529924	0.0	0.7313731470264964	
179	24	false	Bachelors	false	Plus2Races	239336	81198	true	0.9181492193647616	[0.2,0.8,0.8,0.8]	2	false	E	0.8740035980122896	0.0	44.155379736192074	148.31075947238415	40.56308017587195	0.0	0.5281540087935975	
180	24	true	Low	false	WhiteOnly	51517	250105	true	0.6720990985064282	[0.8,0.2,0.2,0.2]	1	false	E	0.7966713563847383	0.0	44.02639914677042	148.05279829354083	40.649067235486385	0.0	0.5324533617743192	
181	24	false	HighSchoolOrCollege	false	BlackOnly	96669	181267	true	0.9181492193647616	[0.2,0.8,0.8,0.8]	1	false	F	0.8079848670162401	0.0	43.154381949101605	146.3087638982032	41.23041203393227	0.0	0.5615206016966133	
182	25	true	HighSchoolOrCollege	false	BlackOnly	82677	78719	true	0.8308249267265675	[0.2,0.2,0.8,0.8]	3	true	B	0.01921694434091792	0.0	42.63308748336014	145.26617496672029	41.57794167775991	0.0	0.5788970838879953	
183	25	false	HighSchoolOrCollege	false	WhiteOnly	20223	3503	true	0.8239978151504338	[0.8,0.8,0.2,0.2]	3	true	E	0.6910305568600584	0.0	48.80879607188243	157.61759214376485	37.46080261874505	0.0	0.3730401309372523	
184	25	false	Bachelors	false	Plus2Races	239336	31198	true	0.9181492193647616	[0.2,0.8,0.8,0.8]	2	false	J	0.9690245101923023	0.0	50.81810049671802	161.63620099343603	36.12126633552133	0.0	0.30606331677606624	
185	25	true	HighSchoolOrCollege	false	WhiteOnly	76517	250105	true	0.8350897188022837	[0.8,0.2,0.8,0.2]	2	false	B	0.8640503438663819	0.0	51.31841930771716	162.63683861543433	35.78772046152189	0.0	0.2893860230760948	
186	25	false	HighSchoolOrCollege	false	BlackOnly	96669	131267	true	0.9181492193647616	[0.2,0.8,0.8,0.8]	1	false	B	0.5344184051163208	0.0	41.48635661747911	142.97271323495823	42.34242892168059	0.0	0.6171214460840296	
187	25	false	Low	false	BlackOnly	96565	64605	true	0.97564431879636	[0.8,0.8,0.8,0.8]	1	false	G	0.677132981989303	0.0	50.79429480677874	161.58858961355747	36.13713679548084	0.0	0.3068568397740421	
188	26	true	HighSchoolOrCollege	false	BlackOnly	82677	58719	true	0.8308249267265675	[0.2,0.2,0.8,0.8]	3	true	G	0.6922433650914023	0.0	48.97909071786054	157.9581814357211	37.34727285475964	0.0	0.36736364273798205	
189	26	false	HighSchoolOrCollege	false	WhiteOnly	20223	3503	true	0.8239978151504338	[0.8,0.8,0.2,0.2]	2	false	J	0.8600049018681737	0.0	50.300295369520114	160.60059073904023	36.46646975365326	0.0	0.3233234876826629	
190	26	false	Bachelors	false	Plus2Races	239336	11198	true	0.9181492193647616	[0.2,0.8,0.8,0.8]	2	false	J	0.2535652240106825	0.0	40.946208756208804	141.8924175124176	42.7025274958608	0.0	0.6351263747930399	
191	26	true	Low	false	WhiteOnly	76517	250105	true	0.8350897188022837	[0.8,0.2,0.8,0.2]	1	false	A	0.9373450794280093	0.0	39.20700883135946	138.41401766271892	43.86199411242703	0.0	0.6930997056213513	
192	27	true	HighSchoolOrCollege	false	BlackOnly	57677	28719	true	0.8765234960785928	[0.8,0.2,0.2,0.8]	3	true	H	0.7868381821832513	0.0	51.273897166169164	162.54779433233833	35.81740188922056	0.0	0.290870094461028	
193	27	false	HighSchoolOrCollege	false	BlackOnly	20223	3503	true	0.9419085518138751	[0.8,0.8,0.2,0.8]	3	true	E	0.5908539208814616	0.0	50.2720427120115	160.544085424023	36.485304858659006	0.0	0.3242652429329502	
194	27	false	Bachelors	false	Plus2Races	239336	11198	true	0.9181492193647616	[0.2,0.8,0.8,0.8]	2	false	B	0.981166517278291	0.0	45.20588624884335	150.41177249768668	39.862742500771105	0.0	0.4931371250385551	
195	27	true	HighSchoolOrCollege	false	BlackOnly	51517	150105	true	0.8765234960785928	[0.8,0.2,0.2,0.8]	2	false	I	0.9247173987698861	0.0	39.52093017465481	139.04186034930962	43.65271321689679	0.0	0.6826356608448397	
196	27	false	HighSchoolOrCollege	false	BlackOnly	71669	31267	true	0.9181492193647616	[0.2,0.8,0.8,0.8]	2	false	A	0.9193951469949402	0.0	40.71901217722811	141.43802435445622	42.85399188184793	0.0	0.6426995940923964	
197	27	false	Low	false	BlackOnly	71565	34605	true	0.97564431879636	[0.8,0.8,0.8,0.8]	1	false	E	0.282630477696138	0.0	41.54222755279724	143.0844551055945	42.3051816314685	0.0	0.6152590815734251	
198	27	false	Bachelors	false	BlackOnly	40151	652286	true	0.8195081705943794	[0.2,0.8,0.2,0.8]	1	false	J	0.44772732514079705	0.0	41.1935103921627	142.3870207843254	42.537659738558204	0.0	0.62688298692791	
199	27	false	HighSchoolOrCollege	false	BlackOnly	68862	52141	true	0.9419085518138751	[0.8,0.8,0.2,0.8]	1	false	E	0.3714393980862878	0.0	52.47097919354469	164.9419583870894	35.019347204303536	0.0	0.25096736021517685	
