step	agentId	[regionId,diseaseStatus,diseaseSeq,time,location,checkin,Reported,Sampled,Sequenced]
0	0	[1,Susceptible,,,,,false,false,false]	
0	1	[1,Susceptible,,,,,false,false,false]	
0	2	[2,Susceptible,,,,,false,false,false]	
0	3	[2,Susceptible,,,,,false,false,false]	
0	4	[2,Susceptible,,,,,false,false,false]	
0	5	[3,Susceptible,,,,,false,false,false]	
0	6	[3,Infectious,6-1,2019-07-01T00:00:00.000,POINT (-2658797.9517229456 4826463.924980434),AtHome,true,false,false]	
0	7	[3,Susceptible,,,,,false,false,false]	
0	8	[4,Susceptible,,,,,false,false,false]	
0	9	[4,Susceptible,,,,,false,false,false]	
0	10	[5,Infectious,10-1,2019-07-01T00:00:00.000,POINT (-2658608.910985752 4826728.867543251),AtHome,true,false,false]	
0	11	[5,Susceptible,,,,,false,false,false]	
0	12	[5,Susceptible,,,,,false,false,false]	
0	13	[5,Susceptible,,,,,false,false,false]	
0	14	[6,Susceptible,,,,,false,false,false]	
0	15	[6,Susceptible,,,,,false,false,false]	
0	16	[6,Susceptible,,,,,false,false,false]	
0	17	[6,Susceptible,,,,,false,false,false]	
0	18	[7,Susceptible,,,,,false,false,false]	
0	19	[7,Susceptible,,,,,false,false,false]	
0	20	[8,Infectious,20-1,2019-07-01T00:00:00.000,POINT (-2659967.332130311 4827091.590142327),AtHome,false,false,false]	
0	21	[8,Susceptible,,,,,false,false,false]	
0	22	[8,Susceptible,,,,,false,false,false]	
0	23	[8,Infectious,23-1,2019-07-01T00:00:00.000,POINT (-2660038.4951856947 4827080.912104463),AtHome,true,false,false]	
0	24	[9,Susceptible,,,,,false,false,false]	
0	25	[9,Susceptible,,,,,false,false,false]	
0	26	[10,Infectious,26-1,2019-07-01T00:00:00.000,POINT (-2660682.847932765 4826761.6979936),AtHome,true,false,false]	
0	27	[10,Susceptible,,,,,false,false,false]	
0	28	[11,Susceptible,,,,,false,false,false]	
0	29	[11,Susceptible,,,,,false,false,false]	
0	30	[12,Susceptible,,,,,false,false,false]	
0	31	[12,Susceptible,,,,,false,false,false]	
0	32	[12,Susceptible,,,,,false,false,false]	
0	33	[13,Susceptible,,,,,false,false,false]	
0	34	[13,Susceptible,,,,,false,false,false]	
0	35	[13,Susceptible,,,,,false,false,false]	
0	36	[13,Susceptible,,,,,false,false,false]	
0	37	[14,Susceptible,,,,,false,false,false]	
0	38	[14,Susceptible,,,,,false,false,false]	
0	39	[14,Susceptible,,,,,false,false,false]	
0	40	[14,Susceptible,,,,,false,false,false]	
0	41	[15,Susceptible,,,,,false,false,false]	
0	42	[15,Susceptible,,,,,false,false,false]	
0	43	[15,Susceptible,,,,,false,false,false]	
0	44	[16,Susceptible,,,,,false,false,false]	
0	45	[16,Susceptible,,,,,false,false,false]	
0	46	[16,Susceptible,,,,,false,false,false]	
0	47	[17,Susceptible,,,,,false,false,false]	
0	48	[17,Susceptible,,,,,false,false,false]	
0	49	[17,Susceptible,,,,,false,false,false]	
0	50	[18,Susceptible,,,,,false,false,false]	
0	51	[18,Susceptible,,,,,false,false,false]	
0	52	[18,Susceptible,,,,,false,false,false]	
0	53	[18,Susceptible,,,,,false,false,false]	
0	54	[18,Infectious,54-1,2019-07-01T00:00:00.000,POINT (-2659094.651715199 4825944.094202941),AtHome,true,false,false]	
0	55	[19,Susceptible,,,,,false,false,false]	
0	56	[19,Susceptible,,,,,false,false,false]	
0	57	[19,Susceptible,,,,,false,false,false]	
0	58	[20,Susceptible,,,,,false,false,false]	
0	59	[20,Susceptible,,,,,false,false,false]	
0	60	[21,Infectious,60-1,2019-07-01T00:00:00.000,POINT (-2657410.94270039 4826245.158056509),AtHome,true,true,false]	
0	61	[21,Susceptible,,,,,false,false,false]	
0	62	[21,Susceptible,,,,,false,false,false]	
0	63	[22,Susceptible,,,,,false,false,false]	
0	64	[22,Susceptible,,,,,false,false,false]	
0	65	[23,Susceptible,,,,,false,false,false]	
0	66	[23,Susceptible,,,,,false,false,false]	
0	67	[23,Susceptible,,,,,false,false,false]	
0	68	[23,Susceptible,,,,,false,false,false]	
0	69	[24,Susceptible,,,,,false,false,false]	
0	70	[24,Susceptible,,,,,false,false,false]	
0	71	[24,Susceptible,,,,,false,false,false]	
0	72	[24,Susceptible,,,,,false,false,false]	
0	73	[25,Susceptible,,,,,false,false,false]	
0	74	[25,Susceptible,,,,,false,false,false]	
0	75	[25,Susceptible,,,,,false,false,false]	
0	76	[26,Susceptible,,,,,false,false,false]	
0	77	[26,Susceptible,,,,,false,false,false]	
0	78	[26,Susceptible,,,,,false,false,false]	
0	79	[27,Susceptible,,,,,false,false,false]	
0	80	[27,Susceptible,,,,,false,false,false]	
0	81	[28,Susceptible,,,,,false,false,false]	
0	82	[28,Susceptible,,,,,false,false,false]	
0	83	[28,Susceptible,,,,,false,false,false]	
0	84	[29,Susceptible,,,,,false,false,false]	
0	85	[29,Susceptible,,,,,false,false,false]	
0	86	[29,Susceptible,,,,,false,false,false]	
0	87	[30,Susceptible,,,,,false,false,false]	
0	88	[30,Susceptible,,,,,false,false,false]	
0	89	[30,Susceptible,,,,,false,false,false]	
0	90	[30,Susceptible,,,,,false,false,false]	
0	91	[30,Susceptible,,,,,false,false,false]	
0	92	[30,Susceptible,,,,,false,false,false]	
0	93	[30,Susceptible,,,,,false,false,false]	
0	94	[31,Susceptible,,,,,false,false,false]	
0	95	[31,Susceptible,,,,,false,false,false]	
0	96	[31,Susceptible,,,,,false,false,false]	
0	97	[32,Susceptible,,,,,false,false,false]	
0	98	[32,Susceptible,,,,,false,false,false]	
0	99	[32,Susceptible,,,,,false,false,false]	
229	39	[14,Exposed,23-1.39-1,2019-07-01T19:05:00.000,POINT (-2658287.709224957 4826375.767605762),AtRecreation,false,false,false]	
839	22	[8,Exposed,54-1.22-1,2019-07-03T21:55:00.000,POINT (-2658287.709224957 4826375.767605762),AtRecreation,false,false,false]	
1091	74	[25,Exposed,54-1.74-1,2019-07-04T18:55:00.000,POINT (-2658287.709224957 4826375.767605762),AtRecreation,false,false,false]	
1105	72	[24,Exposed,54-1.72-1,2019-07-04T20:05:00.000,POINT (-2658370.4212326836 4825316.795528064),AtRecreation,false,false,false]	
1126	67	[23,Exposed,23-1.67-1,2019-07-04T21:50:00.000,POINT (-2658287.709224957 4826375.767605762),AtRecreation,false,false,false]	
1178	39	[14,Infectious,23-1.39-1,2019-07-05T02:10:00.000,POINT (-2660713.689061758 4825847.251889809),AtHome,true,false,false]	
1233	36	[13,Exposed,26-1.36-1,2019-07-05T06:45:00.000,POINT (-2660375.7363001313 4826272.847853933),AtWork,false,false,false]	
1372	49	[17,Exposed,60-1.49-1,2019-07-05T18:20:00.000,POINT (-2658287.709224957 4826375.767605762),AtRecreation,false,false,false]	
1380	33	[13,Exposed,60-1.33-1,2019-07-05T19:00:00.000,POINT (-2658287.709224957 4826375.767605762),AtRecreation,false,false,false]	
1479	23	[8,Recovered,,2019-07-06T03:15:00.000,POINT (-2660038.4951856947 4827080.912104463),AtHome,false,false,false]	
1524	65	[23,Exposed,26-1.65-1,2019-07-06T07:00:00.000,POINT (-2658563.6620462844 4825512.530232595),AtWork,false,false,false]	
1607	36	[13,Infectious,26-1.36-1,2019-07-06T13:55:00.000,POINT (-2658654.9272552766 4825073.563077595),AtWork,true,true,false]	
1686	60	[21,Recovered,,2019-07-06T20:30:00.000,POINT (-2657864.8446956635 4825947.758243917),AtHome,false,false,false]	
1737	10	[5,Recovered,,2019-07-07T00:45:00.000,POINT (-2658608.910985752 4826728.867543251),AtHome,false,false,false]	
1800	26	[10,Recovered,,2019-07-07T06:00:00.000,POINT (-2660682.847932765 4826761.6979936),Transport,false,false,false]	
1850	22	[8,Infectious,54-1.22-1,2019-07-07T10:10:00.000,POINT (-2659967.332130311 4827091.590142327),AtHome,true,false,false]	
1911	72	[24,Infectious,54-1.72-1,2019-07-07T15:15:00.000,POINT (-2658654.9272552766 4825073.563077595),AtWork,true,false,false]	
1935	32	[12,Exposed,23-1.39-1.32-1,2019-07-07T17:15:00.000,POINT (-2658287.709224957 4826375.767605762),AtRecreation,false,false,false]	
1944	42	[15,Exposed,54-1.72-1.42-1,2019-07-07T18:00:00.000,POINT (-2658287.709224957 4826375.767605762),AtRecreation,false,false,false]	
1953	14	[6,Exposed,23-1.39-1.14-1,2019-07-07T18:45:00.000,POINT (-2658287.709224957 4826375.767605762),AtRecreation,false,false,false]	
1959	70	[24,Exposed,23-1.39-1.70-1,2019-07-07T19:15:00.000,POINT (-2658287.709224957 4826375.767605762),AtRecreation,false,false,false]	
2013	67	[23,Infectious,23-1.67-1,2019-07-07T23:45:00.000,POINT (-2657997.4164156816 4825967.115675672),AtHome,true,false,false]	
2034	20	[8,Recovered,,2019-07-08T01:30:00.000,POINT (-2659808.9599503255 4827097.227161332),AtHome,false,false,false]	
2063	33	[13,Infectious,60-1.33-1,2019-07-08T03:55:00.000,POINT (-2660412.616675449 4826278.926175565),AtHome,true,false,false]	
2101	6	[3,Recovered,,2019-07-08T07:05:00.000,POINT (-2659316.394866353 4825740.581069907),AtRestaurant,false,false,false]	
2166	54	[18,Recovered,,2019-07-08T12:30:00.000,POINT (-2659094.651715199 4825944.094202941),AtHome,false,false,false]	
2211	73	[25,Exposed,26-1.36-1.73-1,2019-07-08T16:15:00.000,POINT (-2658287.709224957 4826375.767605762),AtRecreation,false,false,false]	
2231	34	[13,Exposed,26-1.36-1.34-1,2019-07-08T17:55:00.000,POINT (-2658287.709224957 4826375.767605762),AtRecreation,false,false,false]	
2281	65	[23,Infectious,26-1.65-1,2019-07-08T22:05:00.000,POINT (-2658287.709224957 4826375.767605762),AtRecreation,true,false,false]	
2315	42	[15,Infectious,54-1.72-1.42-1,2019-07-09T00:55:00.000,POINT (-2660184.91377151 4825788.04440237),AtHome,false,false,false]	
2333	32	[12,Infectious,23-1.39-1.32-1,2019-07-09T02:25:00.000,POINT (-2659705.949636353 4826344.390024),AtHome,true,false,false]	
2351	74	[25,Infectious,54-1.74-1,2019-07-09T03:55:00.000,POINT (-2659957.9871220863 4825291.737926056),AtHome,true,false,false]	
2406	3	[2,Exposed,54-1.72-1.42-1.3-1,2019-07-09T08:30:00.000,POINT (-2659316.394866353 4825740.581069907),AtWork,false,false,false]	
2482	70	[24,Infectious,23-1.39-1.70-1,2019-07-09T14:50:00.000,POINT (-2660269.1782259345 4824903.789876378),AtWork,true,true,false]	
2516	73	[25,Infectious,26-1.36-1.73-1,2019-07-09T17:40:00.000,POINT (-2659984.725317869 4825230.51261243),AtHome,true,true,false]	
2600	14	[6,Infectious,23-1.39-1.14-1,2019-07-10T00:40:00.000,POINT (-2658287.7821004954 4826596.00830206),AtHome,true,false,false]	
2703	39	[14,Recovered,,2019-07-10T09:15:00.000,POINT (-2660269.1782259345 4824903.789876378),AtWork,false,false,false]	
2703	49	[17,Infectious,60-1.49-1,2019-07-10T09:15:00.000,POINT (-2660470.02546125 4826057.173596031),AtWork,true,false,false]	
2820	69	[24,Exposed,60-1.49-1.69-1,2019-07-10T19:00:00.000,POINT (-2658287.709224957 4826375.767605762),AtRecreation,false,false,false]	
2836	81	[28,Exposed,54-1.72-1.81-1,2019-07-10T20:20:00.000,POINT (-2658287.709224957 4826375.767605762),AtRecreation,false,false,false]	
2845	8	[4,Exposed,60-1.49-1.8-1,2019-07-10T21:05:00.000,POINT (-2658287.709224957 4826375.767605762),AtRecreation,false,false,false]	
3097	29	[11,Exposed,26-1.65-1.29-1,2019-07-11T18:05:00.000,POINT (-2658287.709224957 4826375.767605762),AtRecreation,false,false,false]	
3250	69	[24,Infectious,60-1.49-1.69-1,2019-07-12T06:50:00.000,POINT (-2658105.853399333 4825037.787883365),AtHome,false,false,false]	
3267	90	[30,Exposed,54-1.72-1.90-1,2019-07-12T08:15:00.000,POINT (-2659287.6057500783 4825531.55929056),AtWork,false,false,false]	
3345	3	[2,Infectious,54-1.72-1.42-1.3-1,2019-07-12T14:45:00.000,POINT (-2658654.9272552766 4825073.563077595),AtWork,true,false,false]	
3399	22	[8,Recovered,,2019-07-12T19:15:00.000,POINT (-2659967.332130311 4827091.590142327),AtHome,false,false,false]	
3401	36	[13,Recovered,,2019-07-12T19:25:00.000,POINT (-2658287.709224957 4826375.767605762),AtRecreation,false,false,false]	
3404	44	[16,Exposed,23-1.39-1.70-1.44-1,2019-07-12T19:40:00.000,POINT (-2658287.709224957 4826375.767605762),AtRecreation,false,false,false]	
3431	75	[25,Exposed,23-1.39-1.70-1.75-1,2019-07-12T21:55:00.000,POINT (-2659822.7246686397 4825093.502204038),AtRecreation,false,false,false]	
3437	68	[23,Exposed,23-1.39-1.70-1.68-1,2019-07-12T22:25:00.000,POINT (-2658287.709224957 4826375.767605762),AtRecreation,false,false,false]	
3444	9	[4,Exposed,60-1.33-1.9-1,2019-07-12T23:00:00.000,POINT (-2658287.709224957 4826375.767605762),AtRecreation,false,false,false]	
3486	34	[13,Infectious,26-1.36-1.34-1,2019-07-13T02:30:00.000,POINT (-2660241.18248707 4826281.778024708),AtHome,true,false,false]	
3599	67	[23,Recovered,,2019-07-13T11:55:00.000,POINT (-2657997.4164156816 4825967.115675672),AtHome,false,false,false]	
3613	8	[4,Infectious,60-1.49-1.8-1,2019-07-13T13:05:00.000,POINT (-2658287.709224957 4826375.767605762),AtRecreation,true,false,false]	
3655	41	[15,Exposed,60-1.49-1.8-1.41-1,2019-07-13T16:35:00.000,POINT (-2659955.1273735734 4825896.391279936),AtRecreation,false,false,false]	
3660	35	[13,Exposed,26-1.36-1.34-1.35-1,2019-07-13T17:00:00.000,POINT (-2658287.709224957 4826375.767605762),AtRecreation,false,false,false]	
3701	72	[24,Recovered,,2019-07-13T20:25:00.000,POINT (-2658370.4212326836 4825316.795528064),AtHome,false,false,false]	
3742	29	[11,Infectious,26-1.65-1.29-1,2019-07-13T23:50:00.000,POINT (-2660247.816035068 4827090.031037681),AtHome,true,false,false]	
3839	16	[6,Exposed,54-1.74-1.16-1,2019-07-14T07:55:00.000,POINT (-2658287.709224957 4826375.767605762),AtRecreation,false,false,false]	
3854	68	[23,Infectious,23-1.39-1.70-1.68-1,2019-07-14T09:10:00.000,POINT (-2658445.905946992 4825491.614020828),AtHome,true,false,false]	
3918	65	[23,Recovered,,2019-07-14T14:30:00.000,POINT (-2658654.9272552766 4825073.563077595),AtWork,false,false,false]	
3935	81	[28,Infectious,54-1.72-1.81-1,2019-07-14T15:55:00.000,POINT (-2660618.7503556786 4825259.269560296),AtHome,true,false,false]	
3991	74	[25,Recovered,,2019-07-14T20:35:00.000,POINT (-2658287.709224957 4826375.767605762),AtRecreation,false,false,false]	
4016	75	[25,Infectious,23-1.39-1.70-1.75-1,2019-07-14T22:40:00.000,POINT (-2659822.7246686397 4825093.502204038),AtHome,true,false,false]	
4123	33	[13,Recovered,,2019-07-15T07:35:00.000,POINT (-2660412.616675449 4826278.926175565),AtHome,false,false,false]	
4237	49	[17,Recovered,,2019-07-15T17:05:00.000,POINT (-2658356.909394452 4826051.166456435),AtHome,false,false,false]	
4243	63	[22,Exposed,60-1.49-1.8-1.63-1,2019-07-15T17:35:00.000,POINT (-2658287.709224957 4826375.767605762),AtRecreation,false,false,false]	
4265	70	[24,Recovered,,2019-07-15T19:25:00.000,POINT (-2658365.6137377317 4825179.373088608),AtHome,false,false,false]	
4303	73	[25,Recovered,,2019-07-15T22:35:00.000,POINT (-2659984.725317869 4825230.51261243),AtHome,false,false,false]	
4350	41	[15,Infectious,60-1.49-1.8-1.41-1,2019-07-16T02:30:00.000,POINT (-2659955.1273735734 4825896.391279936),AtHome,true,true,false]	
4432	90	[30,Infectious,54-1.72-1.90-1,2019-07-16T09:20:00.000,POINT (-2660427.655547983 4827490.131483146),AtWork,true,false,false]	
4446	32	[12,Recovered,,2019-07-16T10:30:00.000,POINT (-2658287.709224957 4826375.767605762),AtRecreation,false,false,false]	
4470	44	[16,Infectious,23-1.39-1.70-1.44-1,2019-07-16T12:30:00.000,POINT (-2659161.493030057 4826502.316137468),AtWork,true,true,false]	
4516	16	[6,Infectious,54-1.74-1.16-1,2019-07-16T16:20:00.000,POINT (-2661181.77714754 4825671.86391311),AtWork,true,false,false]	
4522	84	[29,Exposed,60-1.49-1.69-1.84-1,2019-07-16T16:50:00.000,POINT (-2658287.709224957 4826375.767605762),AtRecreation,false,false,false]	
4532	45	[16,Exposed,60-1.49-1.69-1.45-1,2019-07-16T17:40:00.000,POINT (-2658287.709224957 4826375.767605762),AtRecreation,false,false,false]	
4539	63	[22,Infectious,60-1.49-1.8-1.63-1,2019-07-16T18:15:00.000,POINT (-2659193.303039361 4825554.614931359),AtHome,true,true,false]	
4553	59	[20,Exposed,26-1.36-1.34-1.59-1,2019-07-16T19:25:00.000,POINT (-2658287.709224957 4826375.767605762),AtRecreation,false,false,false]	
4561	35	[13,Infectious,26-1.36-1.34-1.35-1,2019-07-16T20:05:00.000,POINT (-2660372.0176290316 4826246.18573351),AtHome,true,false,false]	
4562	83	[28,Exposed,54-1.72-1.81-1.83-1,2019-07-16T20:10:00.000,POINT (-2658287.709224957 4826375.767605762),AtRecreation,false,false,false]	
4609	42	[15,Recovered,,2019-07-17T00:05:00.000,POINT (-2660184.91377151 4825788.04440237),AtHome,false,false,false]	
4632	9	[4,Infectious,60-1.33-1.9-1,2019-07-17T02:00:00.000,POINT (-2659058.502942783 4826723.493475173),AtHome,true,false,false]	
4710	14	[6,Recovered,,2019-07-17T08:30:00.000,POINT (-2660269.1782259345 4824903.789876378),AtWork,false,false,false]	
4802	69	[24,Recovered,,2019-07-17T16:10:00.000,POINT (-2657948.436848575 4825900.075447888),AtWork,false,false,false]	
4982	83	[28,Infectious,54-1.72-1.81-1.83-1,2019-07-18T07:10:00.000,POINT (-2660316.029700517 4825181.102599189),AtHome,true,false,false]	
5071	7	[3,Exposed,23-1.39-1.70-1.68-1.7-1,2019-07-18T14:35:00.000,POINT (-2659316.394866353 4825740.581069907),AtRestaurant,false,false,false]	
5077	55	[19,Exposed,54-1.74-1.16-1.55-1,2019-07-18T15:05:00.000,POINT (-2659316.394866353 4825740.581069907),AtRestaurant,false,false,false]	
5081	45	[16,Infectious,60-1.49-1.69-1.45-1,2019-07-18T15:25:00.000,POINT (-2660844.7164917653 4825502.455846652),AtWork,true,false,false]	
